time_tag,satellite,flux,energy
2023-11-01 03:35:00+00:00,16,0.20368234813213348,>=10 MeV
2023-11-01 03:40:00+00:00,16,0.19368261098861694,>=10 MeV
2023-11-01 03:45:00+00:00,16,0.2016846388578415,>=10 MeV
2023-11-01 03:50:00+00:00,16,0.2180146872997284,>=10 MeV
2023-11-01 03:55:00+00:00,16,0.22101598978042603,>=10 MeV
2023-11-01 04:00:00+00:00,16,0.21501818299293518,>=10 MeV
2023-11-01 04:05:00+00:00,16,0.19034810364246368,>=10 MeV
2023-11-01 04:10:00+00:00,16,0.20701611042022705,>=10 MeV
2023-11-01 04:15:00+00:00,16,0.21635034680366516,>=10 MeV
2023-11-01 04:20:00+00:00,16,0.17134790122509003,>=10 MeV
2023-11-01 04:25:00+00:00,16,0.19801652431488037,>=10 MeV
2023-11-01 04:30:00+00:00,16,0.2256821244955063,>=10 MeV
2023-11-01 04:35:00+00:00,16,0.18234790861606598,>=10 MeV
2023-11-01 04:40:00+00:00,16,0.20468246936798096,>=10 MeV
2023-11-01 04:45:00+00:00,16,0.18968123197555542,>=10 MeV
2023-11-01 04:50:00+00:00,16,0.1980159878730774,>=10 MeV
2023-11-01 04:55:00+00:00,16,0.1920141875743866,>=10 MeV
2023-11-01 05:00:00+00:00,16,0.2040146291255951,>=10 MeV
2023-11-01 05:05:00+00:00,16,0.19307734072208405,>=10 MeV
2023-11-01 05:10:00+00:00,16,0.28675907850265503,>=10 MeV
2023-11-01 05:15:00+00:00,16,0.20388971269130707,>=10 MeV
2023-11-01 05:20:00+00:00,16,0.2010842263698578,>=10 MeV
2023-11-01 05:25:00+00:00,16,0.16724620759487152,>=10 MeV
2023-11-01 05:30:00+00:00,16,0.2048267275094986,>=10 MeV
2023-11-01 05:35:00+00:00,16,0.19756777584552765,>=10 MeV
2023-11-01 05:40:00+00:00,16,0.21640560030937195,>=10 MeV
2023-11-01 05:45:00+00:00,16,0.2107943743467331,>=10 MeV
2023-11-01 05:50:00+00:00,16,0.21363171935081482,>=10 MeV
2023-11-01 05:55:00+00:00,16,0.19437654316425323,>=10 MeV
2023-11-01 06:00:00+00:00,16,0.2139534056186676,>=10 MeV
2023-11-01 06:05:00+00:00,16,0.18508455157279968,>=10 MeV
2023-11-01 06:10:00+00:00,16,0.19789014756679535,>=10 MeV
2023-11-01 06:15:00+00:00,16,0.21011589467525482,>=10 MeV
2023-11-01 06:20:00+00:00,16,0.23598504066467285,>=10 MeV
2023-11-01 06:25:00+00:00,16,0.18079425394535065,>=10 MeV
2023-11-01 06:30:00+00:00,16,0.21095360815525055,>=10 MeV
2023-11-01 06:35:00+00:00,16,0.2152751088142395,>=10 MeV
2023-11-01 06:40:00+00:00,16,0.17350414395332336,>=10 MeV
2023-11-01 06:45:00+00:00,16,0.18956775963306427,>=10 MeV
2023-11-01 06:50:00+00:00,16,0.19411593675613403,>=10 MeV
2023-11-01 06:55:00+00:00,16,0.2363097071647644,>=10 MeV
2023-11-01 07:00:00+00:00,16,0.19530987739562988,>=10 MeV
2023-11-01 07:05:00+00:00,16,0.1875361055135727,>=10 MeV
2023-11-01 07:10:00+00:00,16,0.2340172976255417,>=10 MeV
2023-11-01 07:15:00+00:00,16,0.22708337008953094,>=10 MeV
2023-11-01 07:20:00+00:00,16,0.1999201476573944,>=10 MeV
2023-11-01 07:25:00+00:00,16,0.19334083795547485,>=10 MeV
2023-11-01 07:30:00+00:00,16,0.2144681215286255,>=10 MeV
2023-11-01 07:35:00+00:00,16,0.22469419240951538,>=10 MeV
2023-11-01 07:40:00+00:00,16,0.1941150724887848,>=10 MeV
2023-11-01 07:45:00+00:00,16,0.21001675724983215,>=10 MeV
2023-11-01 07:50:00+00:00,16,0.2145010530948639,>=10 MeV
2023-11-01 07:55:00+00:00,16,0.20646877586841583,>=10 MeV
2023-11-01 08:00:00+00:00,16,0.2182139754295349,>=10 MeV
2023-11-01 08:05:00+00:00,16,0.20914676785469055,>=10 MeV
2023-11-01 08:10:00+00:00,16,0.2049843966960907,>=10 MeV
2023-11-01 08:15:00+00:00,16,0.205178901553154,>=10 MeV
2023-11-01 08:20:00+00:00,16,0.2171793431043625,>=10 MeV
2023-11-01 08:25:00+00:00,16,0.2783096134662628,>=10 MeV
2023-11-01 08:30:00+00:00,16,0.18440841138362885,>=10 MeV
2023-11-01 08:35:00+00:00,16,0.16140832006931305,>=10 MeV
2023-11-01 08:40:00+00:00,16,0.236985445022583,>=10 MeV
2023-11-01 08:45:00+00:00,16,0.18882620334625244,>=10 MeV
2023-11-01 08:50:00+00:00,16,0.21450167894363403,>=10 MeV
2023-11-01 08:55:00+00:00,16,0.19585828483104706,>=10 MeV
2023-11-01 09:00:00+00:00,16,0.2098587453365326,>=10 MeV
2023-11-01 09:05:00+00:00,16,0.21282662451267242,>=10 MeV
2023-11-01 09:10:00+00:00,16,0.25343844294548035,>=10 MeV
2023-11-01 09:15:00+00:00,16,0.22250184416770935,>=10 MeV
2023-11-01 09:20:00+00:00,16,0.1812787652015686,>=10 MeV
2023-11-01 09:25:00+00:00,16,0.20382724702358246,>=10 MeV
2023-11-01 09:30:00+00:00,16,0.19563306868076324,>=10 MeV
2023-11-01 09:35:00+00:00,16,0.19466477632522583,>=10 MeV
2023-11-01 09:40:00+00:00,16,0.22334302961826324,>=10 MeV
2023-11-01 09:45:00+00:00,16,0.17953702807426453,>=10 MeV
2023-11-01 09:50:00+00:00,16,0.1757950633764267,>=10 MeV
2023-11-01 09:55:00+00:00,16,0.21031203866004944,>=10 MeV
2023-11-01 10:00:00+00:00,16,0.19605368375778198,>=10 MeV
2023-11-01 10:05:00+00:00,16,0.20569780468940735,>=10 MeV
2023-11-01 10:10:00+00:00,16,0.17598989605903625,>=10 MeV
2023-11-01 10:15:00+00:00,16,0.18382775783538818,>=10 MeV
2023-11-01 10:20:00+00:00,16,0.193602055311203,>=10 MeV
2023-11-01 10:25:00+00:00,16,0.2139882892370224,>=10 MeV
2023-11-01 10:30:00+00:00,16,0.21611793339252472,>=10 MeV
2023-11-01 10:35:00+00:00,16,0.23927785456180573,>=10 MeV
2023-11-01 10:40:00+00:00,16,0.2080536186695099,>=10 MeV
2023-11-01 10:45:00+00:00,16,0.1747635155916214,>=10 MeV
2023-11-01 10:50:00+00:00,16,0.242343932390213,>=10 MeV
2023-11-01 10:55:00+00:00,16,0.20534412562847137,>=10 MeV
2023-11-01 11:00:00+00:00,16,0.2272137850522995,>=10 MeV
2023-11-01 11:05:00+00:00,16,0.22586029767990112,>=10 MeV
2023-11-01 11:10:00+00:00,16,0.21163448691368103,>=10 MeV
2023-11-01 11:15:00+00:00,16,0.1850866973400116,>=10 MeV
2023-11-01 11:20:00+00:00,16,0.2292468398809433,>=10 MeV
2023-11-01 11:25:00+00:00,16,0.20718376338481903,>=10 MeV
2023-11-01 11:30:00+00:00,16,0.24379530549049377,>=10 MeV
2023-11-01 11:35:00+00:00,16,0.19208824634552002,>=10 MeV
2023-11-01 11:40:00+00:00,16,0.2319905012845993,>=10 MeV
2023-11-01 11:45:00+00:00,16,0.1875726878643036,>=10 MeV
2023-11-01 11:50:00+00:00,16,0.2245366871356964,>=10 MeV
2023-11-01 11:55:00+00:00,16,0.20982976257801056,>=10 MeV
2023-11-01 12:00:00+00:00,16,0.2810549736022949,>=10 MeV
2023-11-01 12:05:00+00:00,16,0.19515345990657806,>=10 MeV
2023-11-01 12:10:00+00:00,16,0.20570135116577148,>=10 MeV
2023-11-01 12:15:00+00:00,16,0.19937878847122192,>=10 MeV
2023-11-01 12:20:00+00:00,16,0.21708962321281433,>=10 MeV
2023-11-01 12:25:00+00:00,16,0.18683239817619324,>=10 MeV
2023-11-01 12:30:00+00:00,16,0.19738127291202545,>=10 MeV
2023-11-01 12:35:00+00:00,16,0.21776603162288666,>=10 MeV
2023-11-01 12:40:00+00:00,16,0.2038004845380783,>=10 MeV
2023-11-01 12:45:00+00:00,16,0.20876772701740265,>=10 MeV
2023-11-01 12:50:00+00:00,16,0.2174764722585678,>=10 MeV
2023-11-01 12:55:00+00:00,16,0.20680029690265656,>=10 MeV
2023-11-01 13:00:00+00:00,16,0.22160622477531433,>=10 MeV
2023-11-01 13:05:00+00:00,16,0.2101556658744812,>=10 MeV
2023-11-01 13:10:00+00:00,16,0.20025305449962616,>=10 MeV
2023-11-01 13:15:00+00:00,16,0.23496171832084656,>=10 MeV
2023-11-01 13:20:00+00:00,16,0.23825202882289886,>=10 MeV
2023-11-01 13:25:00+00:00,16,0.2228657454252243,>=10 MeV
2023-11-01 13:30:00+00:00,16,0.22525350749492645,>=10 MeV
2023-11-01 13:35:00+00:00,16,0.19815662503242493,>=10 MeV
2023-11-01 13:40:00+00:00,16,0.18180236220359802,>=10 MeV
2023-11-01 13:45:00+00:00,16,0.2651892900466919,>=10 MeV
2023-11-01 13:50:00+00:00,16,0.22209329903125763,>=10 MeV
2023-11-01 13:55:00+00:00,16,0.22593192756175995,>=10 MeV
2023-11-01 14:00:00+00:00,16,0.19012564420700073,>=10 MeV
2023-11-01 14:05:00+00:00,16,0.19996459782123566,>=10 MeV
2023-11-01 14:10:00+00:00,16,0.2031899243593216,>=10 MeV
2023-11-01 14:15:00+00:00,16,0.19390027225017548,>=10 MeV
2023-11-01 14:20:00+00:00,16,0.20112565159797668,>=10 MeV
2023-11-01 14:25:00+00:00,16,0.2024165540933609,>=10 MeV
2023-11-01 14:30:00+00:00,16,0.19944913685321808,>=10 MeV
2023-11-01 14:35:00+00:00,16,0.20238402485847473,>=10 MeV
2023-11-01 14:40:00+00:00,16,0.211578369140625,>=10 MeV
2023-11-01 14:45:00+00:00,16,0.22380486130714417,>=10 MeV
2023-11-01 14:50:00+00:00,16,0.20099841058254242,>=10 MeV
2023-11-01 14:55:00+00:00,16,0.1694820374250412,>=10 MeV
2023-11-01 15:00:00+00:00,16,0.1905144304037094,>=10 MeV
2023-11-01 15:05:00+00:00,16,0.17774002254009247,>=10 MeV
2023-11-01 15:10:00+00:00,16,0.2140946239233017,>=10 MeV
2023-11-01 15:15:00+00:00,16,0.19161194562911987,>=10 MeV
2023-11-01 15:20:00+00:00,16,0.23719267547130585,>=10 MeV
2023-11-01 15:25:00+00:00,16,0.2053547203540802,>=10 MeV
2023-11-01 15:30:00+00:00,16,0.21790432929992676,>=10 MeV
2023-11-01 15:35:00+00:00,16,0.26271092891693115,>=10 MeV
2023-11-01 15:40:00+00:00,16,0.1950976550579071,>=10 MeV
2023-11-01 15:45:00+00:00,16,0.19893629848957062,>=10 MeV
2023-11-01 15:50:00+00:00,16,0.2066459357738495,>=10 MeV
2023-11-01 15:55:00+00:00,16,0.18751652538776398,>=10 MeV
2023-11-01 16:00:00+00:00,16,0.20690350234508514,>=10 MeV
2023-11-01 16:05:00+00:00,16,0.24525728821754456,>=10 MeV
2023-11-01 16:10:00+00:00,16,0.1993858367204666,>=10 MeV
2023-11-01 16:15:00+00:00,16,0.2124817669391632,>=10 MeV
2023-11-01 16:20:00+00:00,16,0.2146773785352707,>=10 MeV
2023-11-01 16:25:00+00:00,16,0.21719388663768768,>=10 MeV
2023-11-01 16:30:00+00:00,16,0.1835475116968155,>=10 MeV
2023-11-01 16:35:00+00:00,16,0.21657796204090118,>=10 MeV
2023-11-01 16:40:00+00:00,16,0.21435290575027466,>=10 MeV
2023-11-01 16:45:00+00:00,16,0.18887123465538025,>=10 MeV
2023-11-01 16:50:00+00:00,16,0.18003307282924652,>=10 MeV
2023-11-01 16:55:00+00:00,16,0.20045258104801178,>=10 MeV
2023-11-01 17:00:00+00:00,16,0.19390535354614258,>=10 MeV
2023-11-01 17:05:00+00:00,16,0.24784047901630402,>=10 MeV
2023-11-01 17:10:00+00:00,16,0.27496978640556335,>=10 MeV
2023-11-01 17:15:00+00:00,16,0.16574393212795258,>=10 MeV
2023-11-01 17:20:00+00:00,16,0.19816218316555023,>=10 MeV
2023-11-01 17:25:00+00:00,16,0.21322734653949738,>=10 MeV
2023-11-01 17:30:00+00:00,16,0.15793633460998535,>=10 MeV
2023-11-01 17:35:00+00:00,16,0.21045270562171936,>=10 MeV
2023-11-01 17:40:00+00:00,16,0.21051669120788574,>=10 MeV
2023-11-01 17:45:00+00:00,16,0.20316153764724731,>=10 MeV
2023-11-01 17:50:00+00:00,16,0.18883955478668213,>=10 MeV
2023-11-01 17:55:00+00:00,16,0.19035525619983673,>=10 MeV
2023-11-01 18:00:00+00:00,16,0.22870399057865143,>=10 MeV
2023-11-01 18:05:00+00:00,16,0.21036826074123383,>=10 MeV
2023-11-01 18:10:00+00:00,16,0.24304163455963135,>=10 MeV
2023-11-01 18:15:00+00:00,16,0.18036286532878876,>=10 MeV
2023-11-01 18:20:00+00:00,16,0.23336488008499146,>=10 MeV
2023-11-01 18:25:00+00:00,16,0.23270446062088013,>=10 MeV
2023-11-01 18:30:00+00:00,16,0.1943584382534027,>=10 MeV
2023-11-01 18:35:00+00:00,16,0.2243655025959015,>=10 MeV
2023-11-01 18:40:00+00:00,16,0.17335830628871918,>=10 MeV
2023-11-01 18:45:00+00:00,16,0.21136537194252014,>=10 MeV
2023-11-01 18:50:00+00:00,16,0.24369880557060242,>=10 MeV
2023-11-01 18:55:00+00:00,16,0.20803263783454895,>=10 MeV
2023-11-01 19:00:00+00:00,16,0.2006959319114685,>=10 MeV
2023-11-01 19:05:00+00:00,16,0.20836681127548218,>=10 MeV
2023-11-01 19:10:00+00:00,16,0.20136597752571106,>=10 MeV
2023-11-01 19:15:00+00:00,16,0.20769798755645752,>=10 MeV
2023-11-01 19:20:00+00:00,16,0.22336174547672272,>=10 MeV
2023-11-01 19:25:00+00:00,16,0.23203296959400177,>=10 MeV
2023-11-01 19:30:00+00:00,16,0.19869567453861237,>=10 MeV
2023-11-01 19:35:00+00:00,16,0.22036421298980713,>=10 MeV
2023-11-01 19:40:00+00:00,16,0.1980302929878235,>=10 MeV
2023-11-01 19:45:00+00:00,16,0.2140352725982666,>=10 MeV
2023-11-01 19:50:00+00:00,16,0.23337066173553467,>=10 MeV
2023-11-01 19:55:00+00:00,16,0.20269790291786194,>=10 MeV
2023-11-01 20:00:00+00:00,16,0.2103646844625473,>=10 MeV
2023-11-01 20:05:00+00:00,16,0.18269529938697815,>=10 MeV
2023-11-01 20:10:00+00:00,16,0.21103420853614807,>=10 MeV
2023-11-01 20:15:00+00:00,16,0.188696026802063,>=10 MeV
2023-11-01 20:20:00+00:00,16,0.25303444266319275,>=10 MeV
2023-11-01 20:25:00+00:00,16,0.18969599902629852,>=10 MeV
2023-11-01 20:30:00+00:00,16,0.18702995777130127,>=10 MeV
2023-11-01 20:35:00+00:00,16,0.22570295631885529,>=10 MeV
2023-11-01 20:40:00+00:00,16,0.19569779932498932,>=10 MeV
2023-11-01 20:45:00+00:00,16,0.24736478924751282,>=10 MeV
2023-11-01 20:50:00+00:00,16,0.22503285109996796,>=10 MeV
2023-11-01 20:55:00+00:00,16,0.1853603571653366,>=10 MeV
2023-11-01 21:00:00+00:00,16,0.22336609661579132,>=10 MeV
2023-11-01 21:05:00+00:00,16,0.34669673442840576,>=10 MeV
2023-11-01 21:10:00+00:00,16,0.21003003418445587,>=10 MeV
2023-11-01 21:15:00+00:00,16,0.19269414246082306,>=10 MeV
2023-11-01 21:20:00+00:00,16,0.18969377875328064,>=10 MeV
2023-11-01 21:25:00+00:00,16,0.24102936685085297,>=10 MeV
2023-11-01 21:30:00+00:00,16,0.2140319049358368,>=10 MeV
2023-11-01 21:35:00+00:00,16,0.22102996706962585,>=10 MeV
2023-11-01 21:40:00+00:00,16,0.194027379155159,>=10 MeV
2023-11-01 21:45:00+00:00,16,0.20069606602191925,>=10 MeV
2023-11-01 21:50:00+00:00,16,0.2206953465938568,>=10 MeV
2023-11-01 21:55:00+00:00,16,0.23603028059005737,>=10 MeV
2023-11-01 22:00:00+00:00,16,0.2270244061946869,>=10 MeV
2023-11-01 22:05:00+00:00,16,0.22502785921096802,>=10 MeV
2023-11-01 22:10:00+00:00,16,0.18302544951438904,>=10 MeV
2023-11-01 22:15:00+00:00,16,0.2066958099603653,>=10 MeV
2023-11-01 22:20:00+00:00,16,0.217363178730011,>=10 MeV
2023-11-01 22:25:00+00:00,16,0.1813582479953766,>=10 MeV
2023-11-01 22:30:00+00:00,16,0.26869523525238037,>=10 MeV
2023-11-01 22:35:00+00:00,16,0.1820228397846222,>=10 MeV
2023-11-01 22:40:00+00:00,16,0.24335892498493195,>=10 MeV
2023-11-01 22:45:00+00:00,16,0.20202627778053284,>=10 MeV
2023-11-01 22:50:00+00:00,16,0.2010260820388794,>=10 MeV
2023-11-01 22:55:00+00:00,16,0.18902349472045898,>=10 MeV
2023-11-01 23:00:00+00:00,16,0.1776895374059677,>=10 MeV
2023-11-01 23:05:00+00:00,16,0.19735558331012726,>=10 MeV
2023-11-01 23:10:00+00:00,16,0.269690603017807,>=10 MeV
2023-11-01 23:15:00+00:00,16,0.19502389430999756,>=10 MeV
2023-11-01 23:20:00+00:00,16,0.24168886244297028,>=10 MeV
2023-11-01 23:25:00+00:00,16,0.20235426723957062,>=10 MeV
2023-11-01 23:30:00+00:00,16,0.1846866011619568,>=10 MeV
2023-11-01 23:35:00+00:00,16,0.20868870615959167,>=10 MeV
2023-11-01 23:40:00+00:00,16,0.22102199494838715,>=10 MeV
2023-11-01 23:45:00+00:00,16,0.19801859557628632,>=10 MeV
2023-11-01 23:50:00+00:00,16,0.19668564200401306,>=10 MeV
2023-11-01 23:55:00+00:00,16,0.25668880343437195,>=10 MeV
2023-11-02 00:00:00+00:00,16,0.2483554631471634,>=10 MeV
2023-11-02 00:05:00+00:00,16,0.27102357149124146,>=10 MeV
2023-11-02 00:10:00+00:00,16,0.19635362923145294,>=10 MeV
2023-11-02 00:15:00+00:00,16,0.21235354244709015,>=10 MeV
2023-11-02 00:20:00+00:00,16,0.25402379035949707,>=10 MeV
2023-11-02 00:25:00+00:00,16,0.19768674671649933,>=10 MeV
2023-11-02 00:30:00+00:00,16,0.22102141380310059,>=10 MeV
2023-11-02 00:35:00+00:00,16,0.273690789937973,>=10 MeV
2023-11-02 00:40:00+00:00,16,0.23335419595241547,>=10 MeV
2023-11-02 00:45:00+00:00,16,0.20035357773303986,>=10 MeV
2023-11-02 00:50:00+00:00,16,0.18235433101654053,>=10 MeV
2023-11-02 00:55:00+00:00,16,0.19902141392230988,>=10 MeV
2023-11-02 01:00:00+00:00,16,0.21569113433361053,>=10 MeV
2023-11-02 01:05:00+00:00,16,0.20102497935295105,>=10 MeV
2023-11-02 01:10:00+00:00,16,0.19369080662727356,>=10 MeV
2023-11-02 01:15:00+00:00,16,0.23802998661994934,>=10 MeV
2023-11-02 01:20:00+00:00,16,0.20635762810707092,>=10 MeV
2023-11-02 01:25:00+00:00,16,0.19068755209445953,>=10 MeV
2023-11-02 01:30:00+00:00,16,0.20668929815292358,>=10 MeV
2023-11-02 01:35:00+00:00,16,0.1860228180885315,>=10 MeV
2023-11-02 01:40:00+00:00,16,0.211358904838562,>=10 MeV
2023-11-02 01:45:00+00:00,16,0.2006884664297104,>=10 MeV
2023-11-02 01:50:00+00:00,16,0.1916884332895279,>=10 MeV
2023-11-02 01:55:00+00:00,16,0.22902271151542664,>=10 MeV
2023-11-02 02:00:00+00:00,16,0.18068785965442657,>=10 MeV
2023-11-02 02:05:00+00:00,16,0.18468770384788513,>=10 MeV
2023-11-02 02:10:00+00:00,16,0.197688490152359,>=10 MeV
2023-11-02 02:15:00+00:00,16,0.2266930341720581,>=10 MeV
2023-11-02 02:20:00+00:00,16,0.17501938343048096,>=10 MeV
2023-11-02 02:25:00+00:00,16,0.256686806678772,>=10 MeV
2023-11-02 02:30:00+00:00,16,0.2343541979789734,>=10 MeV
2023-11-02 02:35:00+00:00,16,0.2253561168909073,>=10 MeV
2023-11-02 02:40:00+00:00,16,0.21935375034809113,>=10 MeV
2023-11-02 02:45:00+00:00,16,0.17235104739665985,>=10 MeV
2023-11-02 02:50:00+00:00,16,0.19701936841011047,>=10 MeV
2023-11-02 02:55:00+00:00,16,0.19301912188529968,>=10 MeV
2023-11-02 03:00:00+00:00,16,0.2323552519083023,>=10 MeV
2023-11-02 03:05:00+00:00,16,0.1980181336402893,>=10 MeV
2023-11-02 03:10:00+00:00,16,0.1720152348279953,>=10 MeV
2023-11-02 03:15:00+00:00,16,0.19934949278831482,>=10 MeV
2023-11-02 03:20:00+00:00,16,0.1870153397321701,>=10 MeV
2023-11-02 03:25:00+00:00,16,0.19234950840473175,>=10 MeV
2023-11-02 03:30:00+00:00,16,0.2456863522529602,>=10 MeV
2023-11-02 03:35:00+00:00,16,0.18901531398296356,>=10 MeV
2023-11-02 03:40:00+00:00,16,0.176348015666008,>=10 MeV
2023-11-02 03:45:00+00:00,16,0.21935199201107025,>=10 MeV
2023-11-02 03:50:00+00:00,16,0.1876833587884903,>=10 MeV
2023-11-02 03:55:00+00:00,16,0.21034984290599823,>=10 MeV
2023-11-02 04:00:00+00:00,16,0.17901727557182312,>=10 MeV
2023-11-02 04:05:00+00:00,16,0.20035457611083984,>=10 MeV
2023-11-02 04:10:00+00:00,16,0.1773533970117569,>=10 MeV
2023-11-02 04:15:00+00:00,16,0.22168764472007751,>=10 MeV
2023-11-02 04:20:00+00:00,16,0.18668751418590546,>=10 MeV
2023-11-02 04:25:00+00:00,16,0.2243582308292389,>=10 MeV
2023-11-02 04:30:00+00:00,16,0.19402100145816803,>=10 MeV
2023-11-02 04:35:00+00:00,16,0.19435490667819977,>=10 MeV
2023-11-02 04:40:00+00:00,16,0.22802120447158813,>=10 MeV
2023-11-02 04:45:00+00:00,16,0.2890236973762512,>=10 MeV
2023-11-02 04:50:00+00:00,16,0.2313544601202011,>=10 MeV
2023-11-02 04:55:00+00:00,16,0.20601971447467804,>=10 MeV
2023-11-02 05:00:00+00:00,16,0.21368573606014252,>=10 MeV
2023-11-02 05:05:00+00:00,16,0.2586873173713684,>=10 MeV
2023-11-02 05:10:00+00:00,16,0.22376252710819244,>=10 MeV
2023-11-02 05:15:00+00:00,16,0.16460536420345306,>=10 MeV
2023-11-02 05:20:00+00:00,16,0.23305350542068481,>=10 MeV
2023-11-02 05:25:00+00:00,16,0.17847537994384766,>=10 MeV
2023-11-02 05:30:00+00:00,16,0.20037797093391418,>=10 MeV
2023-11-02 05:35:00+00:00,16,0.18950772285461426,>=10 MeV
2023-11-02 05:40:00+00:00,16,0.23353751003742218,>=10 MeV
2023-11-02 05:45:00+00:00,16,0.21247310936450958,>=10 MeV
2023-11-02 05:50:00+00:00,16,0.19528163969516754,>=10 MeV
2023-11-02 05:55:00+00:00,16,0.22331131994724274,>=10 MeV
2023-11-02 06:00:00+00:00,16,0.20266753435134888,>=10 MeV
2023-11-02 06:05:00+00:00,16,0.18353956937789917,>=10 MeV
2023-11-02 06:10:00+00:00,16,0.1896037757396698,>=10 MeV
2023-11-02 06:15:00+00:00,16,0.21437785029411316,>=10 MeV
2023-11-02 06:20:00+00:00,16,0.19460420310497284,>=10 MeV
2023-11-02 06:25:00+00:00,16,0.19766798615455627,>=10 MeV
2023-11-02 06:30:00+00:00,16,0.2239580750465393,>=10 MeV
2023-11-02 06:35:00+00:00,16,0.19612063467502594,>=10 MeV
2023-11-02 06:40:00+00:00,16,0.21292640268802643,>=10 MeV
2023-11-02 06:45:00+00:00,16,0.196766197681427,>=10 MeV
2023-11-02 06:50:00+00:00,16,0.22860437631607056,>=10 MeV
2023-11-02 06:55:00+00:00,16,0.2003144472837448,>=10 MeV
2023-11-02 07:00:00+00:00,16,0.25266847014427185,>=10 MeV
2023-11-02 07:05:00+00:00,16,0.20925022661685944,>=10 MeV
2023-11-02 07:10:00+00:00,16,0.19818435609340668,>=10 MeV
2023-11-02 07:15:00+00:00,16,0.16596008837223053,>=10 MeV
2023-11-02 07:20:00+00:00,16,0.21960392594337463,>=10 MeV
2023-11-02 07:25:00+00:00,16,0.19412022829055786,>=10 MeV
2023-11-02 07:30:00+00:00,16,0.2103460133075714,>=10 MeV
2023-11-02 07:35:00+00:00,16,0.20770016312599182,>=10 MeV
2023-11-02 07:40:00+00:00,16,0.1970241218805313,>=10 MeV
2023-11-02 07:45:00+00:00,16,0.18357209861278534,>=10 MeV
2023-11-02 07:50:00+00:00,16,0.2248307466506958,>=10 MeV
2023-11-02 07:55:00+00:00,16,0.23570135235786438,>=10 MeV
2023-11-02 08:00:00+00:00,16,0.21963702142238617,>=10 MeV
2023-11-02 08:05:00+00:00,16,0.20386368036270142,>=10 MeV
2023-11-02 08:10:00+00:00,16,0.1745089590549469,>=10 MeV
2023-11-02 08:15:00+00:00,16,0.19679921865463257,>=10 MeV
2023-11-02 08:20:00+00:00,16,0.2472490519285202,>=10 MeV
2023-11-02 08:25:00+00:00,16,0.19321849942207336,>=10 MeV
2023-11-02 08:30:00+00:00,16,0.2388308197259903,>=10 MeV
2023-11-02 08:35:00+00:00,16,0.16492897272109985,>=10 MeV
2023-11-02 08:40:00+00:00,16,0.19679872691631317,>=10 MeV
2023-11-02 08:45:00+00:00,16,0.23099066317081451,>=10 MeV
2023-11-02 08:50:00+00:00,16,0.2404746413230896,>=10 MeV
2023-11-02 08:55:00+00:00,16,0.20999306440353394,>=10 MeV
2023-11-02 09:00:00+00:00,16,0.21924979984760284,>=10 MeV
2023-11-02 09:05:00+00:00,16,0.22408980131149292,>=10 MeV
2023-11-02 09:10:00+00:00,16,0.22663800418376923,>=10 MeV
2023-11-02 09:15:00+00:00,16,0.2091541886329651,>=10 MeV
2023-11-02 09:20:00+00:00,16,0.22670254111289978,>=10 MeV
2023-11-02 09:25:00+00:00,16,0.19870305061340332,>=10 MeV
2023-11-02 09:30:00+00:00,16,0.19547808170318604,>=10 MeV
2023-11-02 09:35:00+00:00,16,0.16670435667037964,>=10 MeV
2023-11-02 09:40:00+00:00,16,0.25421929359436035,>=10 MeV
2023-11-02 09:45:00+00:00,16,0.2271871566772461,>=10 MeV
2023-11-02 09:50:00+00:00,16,0.20718789100646973,>=10 MeV
2023-11-02 09:55:00+00:00,16,0.20044611394405365,>=10 MeV
2023-11-02 10:00:00+00:00,16,0.20363962650299072,>=10 MeV
2023-11-02 10:05:00+00:00,16,0.24302704632282257,>=10 MeV
2023-11-02 10:10:00+00:00,16,0.20844648778438568,>=10 MeV
2023-11-02 10:15:00+00:00,16,0.19112418591976166,>=10 MeV
2023-11-02 10:20:00+00:00,16,0.1825757622718811,>=10 MeV
2023-11-02 10:25:00+00:00,16,0.20122164487838745,>=10 MeV
2023-11-02 10:30:00+00:00,16,0.1950932741165161,>=10 MeV
2023-11-02 10:35:00+00:00,16,0.2051251232624054,>=10 MeV
2023-11-02 10:40:00+00:00,16,0.20393157005310059,>=10 MeV
2023-11-02 10:45:00+00:00,16,0.1944156140089035,>=10 MeV
2023-11-02 10:50:00+00:00,16,0.21718984842300415,>=10 MeV
2023-11-02 10:55:00+00:00,16,0.24799597263336182,>=10 MeV
2023-11-02 11:00:00+00:00,16,0.18835142254829407,>=10 MeV
2023-11-02 11:05:00+00:00,16,0.2118358612060547,>=10 MeV
2023-11-02 11:10:00+00:00,16,0.1873520463705063,>=10 MeV
2023-11-02 11:15:00+00:00,16,0.21296502649784088,>=10 MeV
2023-11-02 11:20:00+00:00,16,0.20083637535572052,>=10 MeV
2023-11-02 11:25:00+00:00,16,0.19441728293895721,>=10 MeV
2023-11-02 11:30:00+00:00,16,0.2117079794406891,>=10 MeV
2023-11-02 11:35:00+00:00,16,0.20386898517608643,>=10 MeV
2023-11-02 11:40:00+00:00,16,0.19893357157707214,>=10 MeV
2023-11-02 11:45:00+00:00,16,0.18696627020835876,>=10 MeV
2023-11-02 11:50:00+00:00,16,0.18157880008220673,>=10 MeV
2023-11-02 11:55:00+00:00,16,0.18132123351097107,>=10 MeV
2023-11-02 12:00:00+00:00,16,0.2106439769268036,>=10 MeV
2023-11-02 12:05:00+00:00,16,0.22093403339385986,>=10 MeV
2023-11-02 12:10:00+00:00,16,0.22283726930618286,>=10 MeV
2023-11-02 12:15:00+00:00,16,0.216451033949852,>=10 MeV
2023-11-02 12:20:00+00:00,16,0.21293456852436066,>=10 MeV
2023-11-02 12:25:00+00:00,16,0.19567668437957764,>=10 MeV
2023-11-02 12:30:00+00:00,16,0.2106768786907196,>=10 MeV
2023-11-02 12:35:00+00:00,16,0.23948365449905396,>=10 MeV
2023-11-02 12:40:00+00:00,16,0.23025719821453094,>=10 MeV
2023-11-02 12:45:00+00:00,16,0.230999156832695,>=10 MeV
2023-11-02 12:50:00+00:00,16,0.2135489583015442,>=10 MeV
2023-11-02 12:55:00+00:00,16,0.1810649186372757,>=10 MeV
2023-11-02 13:00:00+00:00,16,0.2541297674179077,>=10 MeV
2023-11-02 13:05:00+00:00,16,0.18606597185134888,>=10 MeV
2023-11-02 13:10:00+00:00,16,0.19832293689250946,>=10 MeV
2023-11-02 13:15:00+00:00,16,0.18174298107624054,>=10 MeV
2023-11-02 13:20:00+00:00,16,0.19493727385997772,>=10 MeV
2023-11-02 13:25:00+00:00,16,0.208969384431839,>=10 MeV
2023-11-02 13:30:00+00:00,16,0.2216150313615799,>=10 MeV
2023-11-02 13:35:00+00:00,16,0.1931636929512024,>=10 MeV
2023-11-02 13:40:00+00:00,16,0.22322718799114227,>=10 MeV
2023-11-02 13:45:00+00:00,16,0.19877617061138153,>=10 MeV
2023-11-02 13:50:00+00:00,16,0.1995503008365631,>=10 MeV
2023-11-02 13:55:00+00:00,16,0.19990557432174683,>=10 MeV
2023-11-02 14:00:00+00:00,16,0.22487382590770721,>=10 MeV
2023-11-02 14:05:00+00:00,16,0.19619619846343994,>=10 MeV
2023-11-02 14:10:00+00:00,16,0.2106805145740509,>=10 MeV
2023-11-02 14:15:00+00:00,16,0.20868054032325745,>=10 MeV
2023-11-02 14:20:00+00:00,16,0.21600419282913208,>=10 MeV
2023-11-02 14:25:00+00:00,16,0.20987460017204285,>=10 MeV
2023-11-02 14:30:00+00:00,16,0.18551921844482422,>=10 MeV
2023-11-02 14:35:00+00:00,16,0.2486165463924408,>=10 MeV
2023-11-02 14:40:00+00:00,16,0.20180918276309967,>=10 MeV
2023-11-02 14:45:00+00:00,16,0.18080945312976837,>=10 MeV
2023-11-02 14:50:00+00:00,16,0.21171319484710693,>=10 MeV
2023-11-02 14:55:00+00:00,16,0.26029419898986816,>=10 MeV
2023-11-02 15:00:00+00:00,16,0.22090475261211395,>=10 MeV
2023-11-02 15:05:00+00:00,16,0.1710345596075058,>=10 MeV
2023-11-02 15:10:00+00:00,16,0.23829391598701477,>=10 MeV
2023-11-02 15:15:00+00:00,16,0.2321975827217102,>=10 MeV
2023-11-02 15:20:00+00:00,16,0.17326132953166962,>=10 MeV
2023-11-02 15:25:00+00:00,16,0.20593903958797455,>=10 MeV
2023-11-02 15:30:00+00:00,16,0.21603555977344513,>=10 MeV
2023-11-02 15:35:00+00:00,16,0.21829211711883545,>=10 MeV
2023-11-02 15:40:00+00:00,16,0.24435631930828094,>=10 MeV
2023-11-02 15:45:00+00:00,16,0.19616267085075378,>=10 MeV
2023-11-02 15:50:00+00:00,16,0.2265184372663498,>=10 MeV
2023-11-02 15:55:00+00:00,16,0.19606664776802063,>=10 MeV
2023-11-02 16:00:00+00:00,16,0.1700344681739807,>=10 MeV
2023-11-02 16:05:00+00:00,16,0.23206733167171478,>=10 MeV
2023-11-02 16:10:00+00:00,16,0.21274445950984955,>=10 MeV
2023-11-02 16:15:00+00:00,16,0.17677588760852814,>=10 MeV
2023-11-02 16:20:00+00:00,16,0.23810012638568878,>=10 MeV
2023-11-02 16:25:00+00:00,16,0.19732576608657837,>=10 MeV
2023-11-02 16:30:00+00:00,16,0.24351930618286133,>=10 MeV
2023-11-02 16:35:00+00:00,16,0.19387325644493103,>=10 MeV
2023-11-02 16:40:00+00:00,16,0.17729291319847107,>=10 MeV
2023-11-02 16:45:00+00:00,16,0.21787360310554504,>=10 MeV
2023-11-02 16:50:00+00:00,16,0.24319644272327423,>=10 MeV
2023-11-02 16:55:00+00:00,16,0.1938408613204956,>=10 MeV
2023-11-02 17:00:00+00:00,16,0.20448653399944305,>=10 MeV
2023-11-02 17:05:00+00:00,16,0.16971158981323242,>=10 MeV
2023-11-02 17:10:00+00:00,16,0.22561530768871307,>=10 MeV
2023-11-02 17:15:00+00:00,16,0.20674502849578857,>=10 MeV
2023-11-02 17:20:00+00:00,16,0.1946147382259369,>=10 MeV
2023-11-02 17:25:00+00:00,16,0.21200138330459595,>=10 MeV
2023-11-02 17:30:00+00:00,16,0.19984027743339539,>=10 MeV
2023-11-02 17:35:00+00:00,16,0.18658222258090973,>=10 MeV
2023-11-02 17:40:00+00:00,16,0.21422794461250305,>=10 MeV
2023-11-02 17:45:00+00:00,16,0.20009776949882507,>=10 MeV
2023-11-02 17:50:00+00:00,16,0.21419429779052734,>=10 MeV
2023-11-02 17:55:00+00:00,16,0.17619462311267853,>=10 MeV
2023-11-02 18:00:00+00:00,16,0.20536501705646515,>=10 MeV
2023-11-02 18:05:00+00:00,16,0.17036065459251404,>=10 MeV
2023-11-02 18:10:00+00:00,16,0.225699320435524,>=10 MeV
2023-11-02 18:15:00+00:00,16,0.21169854700565338,>=10 MeV
2023-11-02 18:20:00+00:00,16,0.2253679782152176,>=10 MeV
2023-11-02 18:25:00+00:00,16,0.2533637285232544,>=10 MeV
2023-11-02 18:30:00+00:00,16,0.18035981059074402,>=10 MeV
2023-11-02 18:35:00+00:00,16,0.21936379373073578,>=10 MeV
2023-11-02 18:40:00+00:00,16,0.21936364471912384,>=10 MeV
2023-11-02 18:45:00+00:00,16,0.1850278377532959,>=10 MeV
2023-11-02 18:50:00+00:00,16,0.222364604473114,>=10 MeV
2023-11-02 18:55:00+00:00,16,0.23803526163101196,>=10 MeV
2023-11-02 19:00:00+00:00,16,0.18369412422180176,>=10 MeV
2023-11-02 19:05:00+00:00,16,0.20769663155078888,>=10 MeV
2023-11-02 19:10:00+00:00,16,0.217031329870224,>=10 MeV
2023-11-02 19:15:00+00:00,16,0.18702709674835205,>=10 MeV
2023-11-02 19:20:00+00:00,16,0.2146993726491928,>=10 MeV
2023-11-02 19:25:00+00:00,16,0.19436335563659668,>=10 MeV
2023-11-02 19:30:00+00:00,16,0.18202809989452362,>=10 MeV
2023-11-02 19:35:00+00:00,16,0.24103640019893646,>=10 MeV
2023-11-02 19:40:00+00:00,16,0.2423625886440277,>=10 MeV
2023-11-02 19:45:00+00:00,16,0.19603011012077332,>=10 MeV
2023-11-02 19:50:00+00:00,16,0.21069316565990448,>=10 MeV
2023-11-02 19:55:00+00:00,16,0.23003633320331573,>=10 MeV
2023-11-02 20:00:00+00:00,16,0.24403394758701324,>=10 MeV
2023-11-02 20:05:00+00:00,16,0.20869792997837067,>=10 MeV
2023-11-02 20:10:00+00:00,16,0.2303682416677475,>=10 MeV
2023-11-02 20:15:00+00:00,16,0.19536283612251282,>=10 MeV
2023-11-02 20:20:00+00:00,16,0.17735816538333893,>=10 MeV
2023-11-02 20:25:00+00:00,16,0.22202962636947632,>=10 MeV
2023-11-02 20:30:00+00:00,16,0.21336355805397034,>=10 MeV
2023-11-02 20:35:00+00:00,16,0.1870262324810028,>=10 MeV
2023-11-02 20:40:00+00:00,16,0.17956173419952393,>=10 MeV
2023-11-02 20:45:00+00:00,16,0.22469887137413025,>=10 MeV
2023-11-02 20:50:00+00:00,16,0.2173641324043274,>=10 MeV
2023-11-02 20:55:00+00:00,16,0.23603297770023346,>=10 MeV
2023-11-02 21:00:00+00:00,16,0.1873609870672226,>=10 MeV
2023-11-02 21:05:00+00:00,16,0.18002478778362274,>=10 MeV
2023-11-02 21:10:00+00:00,16,0.232367143034935,>=10 MeV
2023-11-02 21:15:00+00:00,16,0.18469282984733582,>=10 MeV
2023-11-02 21:20:00+00:00,16,0.21169598400592804,>=10 MeV
2023-11-02 21:25:00+00:00,16,0.20102724432945251,>=10 MeV
2023-11-02 21:30:00+00:00,16,0.25336501002311707,>=10 MeV
2023-11-02 21:35:00+00:00,16,0.25903016328811646,>=10 MeV
2023-11-02 21:40:00+00:00,16,0.21569576859474182,>=10 MeV
2023-11-02 21:45:00+00:00,16,0.1843569427728653,>=10 MeV
2023-11-02 21:50:00+00:00,16,0.20302414894104004,>=10 MeV
2023-11-02 21:55:00+00:00,16,0.19402562081813812,>=10 MeV
2023-11-02 22:00:00+00:00,16,0.2733636200428009,>=10 MeV
2023-11-02 22:05:00+00:00,16,0.20602670311927795,>=10 MeV
2023-11-02 22:10:00+00:00,16,0.22336065769195557,>=10 MeV
2023-11-02 22:15:00+00:00,16,0.23069369792938232,>=10 MeV
2023-11-02 22:20:00+00:00,16,0.2210266888141632,>=10 MeV
2023-11-02 22:25:00+00:00,16,0.2886922061443329,>=10 MeV
2023-11-02 22:30:00+00:00,16,0.16868698596954346,>=10 MeV
2023-11-02 22:35:00+00:00,16,0.17235445976257324,>=10 MeV
2023-11-02 22:40:00+00:00,16,0.21435952186584473,>=10 MeV
2023-11-02 22:45:00+00:00,16,0.18702319264411926,>=10 MeV
2023-11-02 22:50:00+00:00,16,0.21235938370227814,>=10 MeV
2023-11-02 22:55:00+00:00,16,0.21836018562316895,>=10 MeV
2023-11-02 23:00:00+00:00,16,0.22969117760658264,>=10 MeV
2023-11-02 23:05:00+00:00,16,0.21569225192070007,>=10 MeV
2023-11-02 23:10:00+00:00,16,0.24269312620162964,>=10 MeV
2023-11-02 23:15:00+00:00,16,0.21202218532562256,>=10 MeV
2023-11-02 23:20:00+00:00,16,0.18968968093395233,>=10 MeV
2023-11-02 23:25:00+00:00,16,0.2443544715642929,>=10 MeV
2023-11-02 23:30:00+00:00,16,0.17468681931495667,>=10 MeV
2023-11-02 23:35:00+00:00,16,0.1960216462612152,>=10 MeV
2023-11-02 23:40:00+00:00,16,0.2433576136827469,>=10 MeV
2023-11-02 23:45:00+00:00,16,0.20535264909267426,>=10 MeV
2023-11-02 23:50:00+00:00,16,0.2106877714395523,>=10 MeV
2023-11-02 23:55:00+00:00,16,0.2543542683124542,>=10 MeV
2023-11-03 00:00:00+00:00,16,0.23968857526779175,>=10 MeV
2023-11-03 00:05:00+00:00,16,0.2993544936180115,>=10 MeV
2023-11-03 00:10:00+00:00,16,0.3273569941520691,>=10 MeV
2023-11-03 00:15:00+00:00,16,0.22401957213878632,>=10 MeV
2023-11-03 00:20:00+00:00,16,0.20602081716060638,>=10 MeV
2023-11-03 00:25:00+00:00,16,0.27268874645233154,>=10 MeV
2023-11-03 00:30:00+00:00,16,0.27135831117630005,>=10 MeV
2023-11-03 00:35:00+00:00,16,0.2106882631778717,>=10 MeV
2023-11-03 00:40:00+00:00,16,0.20502117276191711,>=10 MeV
2023-11-03 00:45:00+00:00,16,0.21002264320850372,>=10 MeV
2023-11-03 00:50:00+00:00,16,0.18535266816616058,>=10 MeV
2023-11-03 00:55:00+00:00,16,0.1926874816417694,>=10 MeV
2023-11-03 01:00:00+00:00,16,0.2120225578546524,>=10 MeV
2023-11-03 01:05:00+00:00,16,0.22135156393051147,>=10 MeV
2023-11-03 01:10:00+00:00,16,0.21735624969005585,>=10 MeV
2023-11-03 01:15:00+00:00,16,0.24536049365997314,>=10 MeV
2023-11-03 01:20:00+00:00,16,0.21835561096668243,>=10 MeV
2023-11-03 01:25:00+00:00,16,0.22202417254447937,>=10 MeV
2023-11-03 01:30:00+00:00,16,0.19068722426891327,>=10 MeV
2023-11-03 01:35:00+00:00,16,0.2243574559688568,>=10 MeV
2023-11-03 01:40:00+00:00,16,0.24535559117794037,>=10 MeV
2023-11-03 01:45:00+00:00,16,0.27735665440559387,>=10 MeV
2023-11-03 01:50:00+00:00,16,0.2670252323150635,>=10 MeV
2023-11-03 01:55:00+00:00,16,0.23635612428188324,>=10 MeV
2023-11-03 02:00:00+00:00,16,0.22669124603271484,>=10 MeV
2023-11-03 02:05:00+00:00,16,0.19435077905654907,>=10 MeV
2023-11-03 02:10:00+00:00,16,0.21835659444332123,>=10 MeV
2023-11-03 02:15:00+00:00,16,0.2280213087797165,>=10 MeV
2023-11-03 02:20:00+00:00,16,0.20468862354755402,>=10 MeV
2023-11-03 02:25:00+00:00,16,0.25202131271362305,>=10 MeV
2023-11-03 02:30:00+00:00,16,0.2090214341878891,>=10 MeV
2023-11-03 02:35:00+00:00,16,0.21568907797336578,>=10 MeV
2023-11-03 02:40:00+00:00,16,0.19235368072986603,>=10 MeV
2023-11-03 02:45:00+00:00,16,0.26801997423171997,>=10 MeV
2023-11-03 02:50:00+00:00,16,0.16835176944732666,>=10 MeV
2023-11-03 02:55:00+00:00,16,0.23902419209480286,>=10 MeV
2023-11-03 03:00:00+00:00,16,0.21202035248279572,>=10 MeV
2023-11-03 03:05:00+00:00,16,0.1870182901620865,>=10 MeV
2023-11-03 03:10:00+00:00,16,0.2356887310743332,>=10 MeV
2023-11-03 03:15:00+00:00,16,0.17935135960578918,>=10 MeV
2023-11-03 03:20:00+00:00,16,0.20802244544029236,>=10 MeV
2023-11-03 03:25:00+00:00,16,0.20202018320560455,>=10 MeV
2023-11-03 03:30:00+00:00,16,0.2416912019252777,>=10 MeV
2023-11-03 03:35:00+00:00,16,0.2276901751756668,>=10 MeV
2023-11-03 03:40:00+00:00,16,0.23769208788871765,>=10 MeV
2023-11-03 03:45:00+00:00,16,0.1923532336950302,>=10 MeV
2023-11-03 03:50:00+00:00,16,0.225357785820961,>=10 MeV
2023-11-03 03:55:00+00:00,16,0.2300233691930771,>=10 MeV
2023-11-03 04:00:00+00:00,16,0.21302321553230286,>=10 MeV
2023-11-03 04:05:00+00:00,16,0.20035320520401,>=10 MeV
2023-11-03 04:10:00+00:00,16,0.1856859028339386,>=10 MeV
2023-11-03 04:15:00+00:00,16,0.2416905164718628,>=10 MeV
2023-11-03 04:20:00+00:00,16,0.2143544703722,>=10 MeV
2023-11-03 04:25:00+00:00,16,0.222023606300354,>=10 MeV
2023-11-03 04:30:00+00:00,16,0.2396874576807022,>=10 MeV
2023-11-03 04:35:00+00:00,16,0.18002040684223175,>=10 MeV
2023-11-03 04:40:00+00:00,16,0.20668695867061615,>=10 MeV
2023-11-03 04:45:00+00:00,16,0.24668702483177185,>=10 MeV
2023-11-03 04:50:00+00:00,16,0.20268745720386505,>=10 MeV
2023-11-03 04:55:00+00:00,16,0.22768840193748474,>=10 MeV
2023-11-03 05:00:00+00:00,16,0.1773521453142166,>=10 MeV
2023-11-03 05:05:00+00:00,16,0.24635295569896698,>=10 MeV
2023-11-03 05:10:00+00:00,16,0.2639540135860443,>=10 MeV
2023-11-03 05:15:00+00:00,16,0.20931477844715118,>=10 MeV
2023-11-03 05:20:00+00:00,16,0.2508285641670227,>=10 MeV
2023-11-03 05:25:00+00:00,16,0.19634650647640228,>=10 MeV
2023-11-03 05:30:00+00:00,16,0.20815235376358032,>=10 MeV
2023-11-03 05:35:00+00:00,16,0.24076654016971588,>=10 MeV
2023-11-03 05:40:00+00:00,16,0.1990566849708557,>=10 MeV
2023-11-03 05:45:00+00:00,16,0.2292160838842392,>=10 MeV
2023-11-03 05:50:00+00:00,16,0.2116999626159668,>=10 MeV
2023-11-03 05:55:00+00:00,16,0.20611976087093353,>=10 MeV
2023-11-03 06:00:00+00:00,16,0.21244166791439056,>=10 MeV
2023-11-03 06:05:00+00:00,16,0.2425716519355774,>=10 MeV
2023-11-03 06:10:00+00:00,16,0.2368934601545334,>=10 MeV
2023-11-03 06:15:00+00:00,16,0.3106032907962799,>=10 MeV
2023-11-03 06:20:00+00:00,16,0.2530231177806854,>=10 MeV
2023-11-03 06:25:00+00:00,16,0.2575695216655731,>=10 MeV
2023-11-03 06:30:00+00:00,16,0.25802114605903625,>=10 MeV
2023-11-03 06:35:00+00:00,16,0.15060575306415558,>=10 MeV
2023-11-03 06:40:00+00:00,16,0.2064414918422699,>=10 MeV
2023-11-03 06:45:00+00:00,16,0.18579748272895813,>=10 MeV
2023-11-03 06:50:00+00:00,16,0.26308754086494446,>=10 MeV
2023-11-03 06:55:00+00:00,16,0.2081194519996643,>=10 MeV
2023-11-03 07:00:00+00:00,16,0.21563562750816345,>=10 MeV
2023-11-03 07:05:00+00:00,16,0.27202194929122925,>=10 MeV
2023-11-03 07:10:00+00:00,16,0.22863627970218658,>=10 MeV
2023-11-03 07:15:00+00:00,16,0.21547403931617737,>=10 MeV
2023-11-03 07:20:00+00:00,16,0.2654418349266052,>=10 MeV
2023-11-03 07:25:00+00:00,16,0.24640995264053345,>=10 MeV
2023-11-03 07:30:00+00:00,16,0.2852485477924347,>=10 MeV
2023-11-03 07:35:00+00:00,16,0.2229578047990799,>=10 MeV
2023-11-03 07:40:00+00:00,16,0.23999004065990448,>=10 MeV
2023-11-03 07:45:00+00:00,16,0.27031415700912476,>=10 MeV
2023-11-03 07:50:00+00:00,16,0.324248343706131,>=10 MeV
2023-11-03 07:55:00+00:00,16,0.25324857234954834,>=10 MeV
2023-11-03 08:00:00+00:00,16,0.2193789929151535,>=10 MeV
2023-11-03 08:05:00+00:00,16,0.18225142359733582,>=10 MeV
2023-11-03 08:10:00+00:00,16,0.24437914788722992,>=10 MeV
2023-11-03 08:15:00+00:00,16,0.2556372880935669,>=10 MeV
2023-11-03 08:20:00+00:00,16,0.2643788158893585,>=10 MeV
2023-11-03 08:25:00+00:00,16,0.3495713174343109,>=10 MeV
2023-11-03 08:30:00+00:00,16,0.20641058683395386,>=10 MeV
2023-11-03 08:35:00+00:00,16,0.2979264259338379,>=10 MeV
2023-11-03 08:40:00+00:00,16,0.2067987322807312,>=10 MeV
2023-11-03 08:45:00+00:00,16,0.23808856308460236,>=10 MeV
2023-11-03 08:50:00+00:00,16,0.2545728385448456,>=10 MeV
2023-11-03 08:55:00+00:00,16,0.27770140767097473,>=10 MeV
2023-11-03 09:00:00+00:00,16,0.21586363017559052,>=10 MeV
2023-11-03 09:05:00+00:00,16,0.23663757741451263,>=10 MeV
2023-11-03 09:10:00+00:00,16,0.20125174522399902,>=10 MeV
2023-11-03 09:15:00+00:00,16,0.21492794156074524,>=10 MeV
2023-11-03 09:20:00+00:00,16,0.246443510055542,>=10 MeV
2023-11-03 09:25:00+00:00,16,0.2958294451236725,>=10 MeV
2023-11-03 09:30:00+00:00,16,0.26483115553855896,>=10 MeV
2023-11-03 09:35:00+00:00,16,0.2591535151004791,>=10 MeV
2023-11-03 09:40:00+00:00,16,0.2896372377872467,>=10 MeV
2023-11-03 09:45:00+00:00,16,0.40066954493522644,>=10 MeV
2023-11-03 09:50:00+00:00,16,0.31318601965904236,>=10 MeV
2023-11-03 09:55:00+00:00,16,0.29157397150993347,>=10 MeV
2023-11-03 10:00:00+00:00,16,0.32670214772224426,>=10 MeV
2023-11-03 10:05:00+00:00,16,0.25873619318008423,>=10 MeV
2023-11-03 10:10:00+00:00,16,0.3029611110687256,>=10 MeV
2023-11-03 10:15:00+00:00,16,0.3207678496837616,>=10 MeV
2023-11-03 10:20:00+00:00,16,0.32841208577156067,>=10 MeV
2023-11-03 10:25:00+00:00,16,0.397445410490036,>=10 MeV
2023-11-03 10:30:00+00:00,16,0.34099385142326355,>=10 MeV
2023-11-03 10:35:00+00:00,16,0.4102204442024231,>=10 MeV
2023-11-03 10:40:00+00:00,16,0.4207046627998352,>=10 MeV
2023-11-03 10:45:00+00:00,16,0.33470457792282104,>=10 MeV
2023-11-03 10:50:00+00:00,16,0.4833827614784241,>=10 MeV
2023-11-03 10:55:00+00:00,16,0.2633837163448334,>=10 MeV
2023-11-03 11:00:00+00:00,16,0.2831578552722931,>=10 MeV
2023-11-03 11:05:00+00:00,16,0.23273859918117523,>=10 MeV
2023-11-03 11:10:00+00:00,16,0.30109432339668274,>=10 MeV
2023-11-03 11:15:00+00:00,16,0.3350614607334137,>=10 MeV
2023-11-03 11:20:00+00:00,16,0.40090060234069824,>=10 MeV
2023-11-03 11:25:00+00:00,16,0.2609652876853943,>=10 MeV
2023-11-03 11:30:00+00:00,16,0.4106433093547821,>=10 MeV
2023-11-03 11:35:00+00:00,16,0.4285458028316498,>=10 MeV
2023-11-03 11:40:00+00:00,16,0.42128804326057434,>=10 MeV
2023-11-03 11:45:00+00:00,16,0.25332018733024597,>=10 MeV
2023-11-03 11:50:00+00:00,16,0.37851402163505554,>=10 MeV
2023-11-03 11:55:00+00:00,16,0.22509540617465973,>=10 MeV
2023-11-03 12:00:00+00:00,16,0.3767402470111847,>=10 MeV
2023-11-03 12:05:00+00:00,16,0.34090131521224976,>=10 MeV
2023-11-03 12:10:00+00:00,16,0.3457081913948059,>=10 MeV
2023-11-03 12:15:00+00:00,16,0.26167696714401245,>=10 MeV
2023-11-03 12:20:00+00:00,16,0.3289998769760132,>=10 MeV
2023-11-03 12:25:00+00:00,16,0.23690380156040192,>=10 MeV
2023-11-03 12:30:00+00:00,16,0.4402919113636017,>=10 MeV
2023-11-03 12:35:00+00:00,16,0.4477435052394867,>=10 MeV
2023-11-03 12:40:00+00:00,16,0.27003374695777893,>=10 MeV
2023-11-03 12:45:00+00:00,16,0.2279052585363388,>=10 MeV
2023-11-03 12:50:00+00:00,16,0.23735584318637848,>=10 MeV
2023-11-03 12:55:00+00:00,16,0.429904580116272,>=10 MeV
2023-11-03 13:00:00+00:00,16,0.29864662885665894,>=10 MeV
2023-11-03 13:05:00+00:00,16,0.4434197247028351,>=10 MeV
2023-11-03 13:10:00+00:00,16,0.3701937794685364,>=10 MeV
2023-11-03 13:15:00+00:00,16,0.4324519634246826,>=10 MeV
2023-11-03 13:20:00+00:00,16,0.24364663660526276,>=10 MeV
2023-11-03 13:25:00+00:00,16,0.39016252756118774,>=10 MeV
2023-11-03 13:30:00+00:00,16,0.401258647441864,>=10 MeV
2023-11-03 13:35:00+00:00,16,0.5157108306884766,>=10 MeV
2023-11-03 13:40:00+00:00,16,0.44358178973197937,>=10 MeV
2023-11-03 13:45:00+00:00,16,0.3575175106525421,>=10 MeV
2023-11-03 13:50:00+00:00,16,0.37887340784072876,>=10 MeV
2023-11-03 13:55:00+00:00,16,0.3563250005245209,>=10 MeV
2023-11-03 14:00:00+00:00,16,0.5323259830474854,>=10 MeV
2023-11-03 14:05:00+00:00,16,0.4104873836040497,>=10 MeV
2023-11-03 14:10:00+00:00,16,0.45480966567993164,>=10 MeV
2023-11-03 14:15:00+00:00,16,0.37958550453186035,>=10 MeV
2023-11-03 14:20:00+00:00,16,0.3385538160800934,>=10 MeV
2023-11-03 14:25:00+00:00,16,0.5044888854026794,>=10 MeV
2023-11-03 14:30:00+00:00,16,0.40055394172668457,>=10 MeV
2023-11-03 14:35:00+00:00,16,0.4721985161304474,>=10 MeV
2023-11-03 14:40:00+00:00,16,0.4879719913005829,>=10 MeV
2023-11-03 14:45:00+00:00,16,0.2784561514854431,>=10 MeV
2023-11-03 14:50:00+00:00,16,0.3754248321056366,>=10 MeV
2023-11-03 14:55:00+00:00,16,0.47916606068611145,>=10 MeV
2023-11-03 15:00:00+00:00,16,0.5015850067138672,>=10 MeV
2023-11-03 15:05:00+00:00,16,0.5506176948547363,>=10 MeV
2023-11-03 15:10:00+00:00,16,0.5139085650444031,>=10 MeV
2023-11-03 15:15:00+00:00,16,0.45155566930770874,>=10 MeV
2023-11-03 15:20:00+00:00,16,0.3757799565792084,>=10 MeV
2023-11-03 15:25:00+00:00,16,0.31352293491363525,>=10 MeV
2023-11-03 15:30:00+00:00,16,0.5356840491294861,>=10 MeV
2023-11-03 15:35:00+00:00,16,0.5166516304016113,>=10 MeV
2023-11-03 15:40:00+00:00,16,0.501491129398346,>=10 MeV
2023-11-03 15:45:00+00:00,16,0.41713619232177734,>=10 MeV
2023-11-03 15:50:00+00:00,16,0.42887747287750244,>=10 MeV
2023-11-03 15:55:00+00:00,16,0.27229630947113037,>=10 MeV
2023-11-03 16:00:00+00:00,16,0.5268467664718628,>=10 MeV
2023-11-03 16:05:00+00:00,16,0.36661896109580994,>=10 MeV
2023-11-03 16:10:00+00:00,16,0.3535887897014618,>=10 MeV
2023-11-03 16:15:00+00:00,16,0.42984727025032043,>=10 MeV
2023-11-03 16:20:00+00:00,16,0.2924927771091461,>=10 MeV
2023-11-03 16:25:00+00:00,16,0.29023468494415283,>=10 MeV
2023-11-03 16:30:00+00:00,16,0.23536230623722076,>=10 MeV
2023-11-03 16:35:00+00:00,16,0.4754597246646881,>=10 MeV
2023-11-03 16:40:00+00:00,16,0.43645966053009033,>=10 MeV
2023-11-03 16:45:00+00:00,16,0.3295556902885437,>=10 MeV
2023-11-03 16:50:00+00:00,16,0.2778462767601013,>=10 MeV
2023-11-03 16:55:00+00:00,16,0.36471879482269287,>=10 MeV
2023-11-03 17:00:00+00:00,16,0.3899120092391968,>=10 MeV
2023-11-03 17:05:00+00:00,16,0.21407221257686615,>=10 MeV
2023-11-03 17:10:00+00:00,16,0.3561067581176758,>=10 MeV
2023-11-03 17:15:00+00:00,16,0.2832024097442627,>=10 MeV
2023-11-03 17:20:00+00:00,16,0.3094928562641144,>=10 MeV
2023-11-03 17:25:00+00:00,16,0.3732348680496216,>=10 MeV
2023-11-03 17:30:00+00:00,16,0.5088792443275452,>=10 MeV
2023-11-03 17:35:00+00:00,16,0.3578156530857086,>=10 MeV
2023-11-03 17:40:00+00:00,16,0.28300872445106506,>=10 MeV
2023-11-03 17:45:00+00:00,16,0.24284619092941284,>=10 MeV
2023-11-03 17:50:00+00:00,16,0.2584267556667328,>=10 MeV
2023-11-03 17:55:00+00:00,16,0.19226457178592682,>=10 MeV
2023-11-03 18:00:00+00:00,16,0.4060401916503906,>=10 MeV
2023-11-03 18:05:00+00:00,16,0.27803757786750793,>=10 MeV
2023-11-03 18:10:00+00:00,16,0.3090355098247528,>=10 MeV
2023-11-03 18:15:00+00:00,16,0.42670440673828125,>=10 MeV
2023-11-03 18:20:00+00:00,16,0.25936853885650635,>=10 MeV
2023-11-03 18:25:00+00:00,16,0.32403820753097534,>=10 MeV
2023-11-03 18:30:00+00:00,16,0.34270888566970825,>=10 MeV
2023-11-03 18:35:00+00:00,16,0.2870399057865143,>=10 MeV
2023-11-03 18:40:00+00:00,16,0.24569843709468842,>=10 MeV
2023-11-03 18:45:00+00:00,16,0.2467058300971985,>=10 MeV
2023-11-03 18:50:00+00:00,16,0.29337549209594727,>=10 MeV
2023-11-03 18:55:00+00:00,16,0.28670361638069153,>=10 MeV
2023-11-03 19:00:00+00:00,16,0.35470595955848694,>=10 MeV
2023-11-03 19:05:00+00:00,16,0.3660445809364319,>=10 MeV
2023-11-03 19:10:00+00:00,16,0.21036970615386963,>=10 MeV
2023-11-03 19:15:00+00:00,16,0.2520376145839691,>=10 MeV
2023-11-03 19:20:00+00:00,16,0.30603981018066406,>=10 MeV
2023-11-03 19:25:00+00:00,16,0.3330366015434265,>=10 MeV
2023-11-03 19:30:00+00:00,16,0.2233670949935913,>=10 MeV
2023-11-03 19:35:00+00:00,16,0.22403444349765778,>=10 MeV
2023-11-03 19:40:00+00:00,16,0.26470044255256653,>=10 MeV
2023-11-03 19:45:00+00:00,16,0.3153756260871887,>=10 MeV
2023-11-03 19:50:00+00:00,16,0.23937314748764038,>=10 MeV
2023-11-03 19:55:00+00:00,16,0.2280370593070984,>=10 MeV
2023-11-03 20:00:00+00:00,16,0.30503642559051514,>=10 MeV
2023-11-03 20:05:00+00:00,16,0.26103919744491577,>=10 MeV
2023-11-03 20:10:00+00:00,16,0.2577027678489685,>=10 MeV
2023-11-03 20:15:00+00:00,16,0.2750362455844879,>=10 MeV
2023-11-03 20:20:00+00:00,16,0.24403542280197144,>=10 MeV
2023-11-03 20:25:00+00:00,16,0.4017026424407959,>=10 MeV
2023-11-03 20:30:00+00:00,16,0.2210349291563034,>=10 MeV
2023-11-03 20:35:00+00:00,16,0.20736804604530334,>=10 MeV
2023-11-03 20:40:00+00:00,16,0.2850327789783478,>=10 MeV
2023-11-03 20:45:00+00:00,16,0.26403719186782837,>=10 MeV
2023-11-03 20:50:00+00:00,16,0.2113678753376007,>=10 MeV
2023-11-03 20:55:00+00:00,16,0.25370675325393677,>=10 MeV
2023-11-03 21:00:00+00:00,16,0.24503512680530548,>=10 MeV
2023-11-03 21:05:00+00:00,16,0.3107014000415802,>=10 MeV
2023-11-03 21:10:00+00:00,16,0.3150365948677063,>=10 MeV
2023-11-03 21:15:00+00:00,16,0.20970121026039124,>=10 MeV
2023-11-03 21:20:00+00:00,16,0.25137314200401306,>=10 MeV
2023-11-03 21:25:00+00:00,16,0.29136383533477783,>=10 MeV
2023-11-03 21:30:00+00:00,16,0.20170006155967712,>=10 MeV
2023-11-03 21:35:00+00:00,16,0.31637224555015564,>=10 MeV
2023-11-03 21:40:00+00:00,16,0.26836860179901123,>=10 MeV
2023-11-03 21:45:00+00:00,16,0.25769883394241333,>=10 MeV
2023-11-03 21:50:00+00:00,16,0.3890369236469269,>=10 MeV
2023-11-03 21:55:00+00:00,16,0.18636134266853333,>=10 MeV
2023-11-03 22:00:00+00:00,16,0.3186987042427063,>=10 MeV
2023-11-03 22:05:00+00:00,16,0.23369736969470978,>=10 MeV
2023-11-03 22:10:00+00:00,16,0.2163647562265396,>=10 MeV
2023-11-03 22:15:00+00:00,16,0.3443675637245178,>=10 MeV
2023-11-03 22:20:00+00:00,16,0.2156974971294403,>=10 MeV
2023-11-03 22:25:00+00:00,16,0.23837007582187653,>=10 MeV
2023-11-03 22:30:00+00:00,16,0.37269753217697144,>=10 MeV
2023-11-03 22:35:00+00:00,16,0.27236396074295044,>=10 MeV
2023-11-03 22:40:00+00:00,16,0.19136209785938263,>=10 MeV
2023-11-03 22:45:00+00:00,16,0.2160312533378601,>=10 MeV
2023-11-03 22:50:00+00:00,16,0.22503165900707245,>=10 MeV
2023-11-03 22:55:00+00:00,16,0.21003134548664093,>=10 MeV
2023-11-03 23:00:00+00:00,16,0.1816926896572113,>=10 MeV
2023-11-03 23:05:00+00:00,16,0.2340286374092102,>=10 MeV
2023-11-03 23:10:00+00:00,16,0.2440374195575714,>=10 MeV
2023-11-03 23:15:00+00:00,16,0.3040303587913513,>=10 MeV
2023-11-03 23:20:00+00:00,16,0.2920292615890503,>=10 MeV
2023-11-03 23:25:00+00:00,16,0.1950266808271408,>=10 MeV
2023-11-03 23:30:00+00:00,16,0.23236241936683655,>=10 MeV
2023-11-03 23:35:00+00:00,16,0.24303628504276276,>=10 MeV
2023-11-03 23:40:00+00:00,16,0.2507014274597168,>=10 MeV
2023-11-03 23:45:00+00:00,16,0.21803279221057892,>=10 MeV
2023-11-03 23:50:00+00:00,16,0.3880324065685272,>=10 MeV
2023-11-03 23:55:00+00:00,16,0.23403631150722504,>=10 MeV
2023-11-04 00:00:00+00:00,16,0.376030296087265,>=10 MeV
2023-11-04 00:05:00+00:00,16,0.22903719544410706,>=10 MeV
2023-11-04 00:10:00+00:00,16,0.30036023259162903,>=10 MeV
2023-11-04 00:15:00+00:00,16,0.237033873796463,>=10 MeV
2023-11-04 00:20:00+00:00,16,0.25036564469337463,>=10 MeV
2023-11-04 00:25:00+00:00,16,0.34636110067367554,>=10 MeV
2023-11-04 00:30:00+00:00,16,0.24069923162460327,>=10 MeV
2023-11-04 00:35:00+00:00,16,0.2503676116466522,>=10 MeV
2023-11-04 00:40:00+00:00,16,0.22503052651882172,>=10 MeV
2023-11-04 00:45:00+00:00,16,0.5753639340400696,>=10 MeV
2023-11-04 00:50:00+00:00,16,0.23069672286510468,>=10 MeV
2023-11-04 00:55:00+00:00,16,0.21802951395511627,>=10 MeV
2023-11-04 01:00:00+00:00,16,0.44769465923309326,>=10 MeV
2023-11-04 01:05:00+00:00,16,0.2283574938774109,>=10 MeV
2023-11-04 01:10:00+00:00,16,0.26836535334587097,>=10 MeV
2023-11-04 01:15:00+00:00,16,0.2910272777080536,>=10 MeV
2023-11-04 01:20:00+00:00,16,0.3226962387561798,>=10 MeV
2023-11-04 01:25:00+00:00,16,0.43469515442848206,>=10 MeV
2023-11-04 01:30:00+00:00,16,0.22002765536308289,>=10 MeV
2023-11-04 01:35:00+00:00,16,0.4750315546989441,>=10 MeV
2023-11-04 01:40:00+00:00,16,0.2730245590209961,>=10 MeV
2023-11-04 01:45:00+00:00,16,0.33836159110069275,>=10 MeV
2023-11-04 01:50:00+00:00,16,0.2283622920513153,>=10 MeV
2023-11-04 01:55:00+00:00,16,0.25602981448173523,>=10 MeV
2023-11-04 02:00:00+00:00,16,0.35102272033691406,>=10 MeV
2023-11-04 02:05:00+00:00,16,0.29702767729759216,>=10 MeV
2023-11-04 02:10:00+00:00,16,0.23969420790672302,>=10 MeV
2023-11-04 02:15:00+00:00,16,0.2036907821893692,>=10 MeV
2023-11-04 02:20:00+00:00,16,0.2576874792575836,>=10 MeV
2023-11-04 02:25:00+00:00,16,0.37436121702194214,>=10 MeV
2023-11-04 02:30:00+00:00,16,0.2646927833557129,>=10 MeV
2023-11-04 02:35:00+00:00,16,0.27369004487991333,>=10 MeV
2023-11-04 02:40:00+00:00,16,0.2126920521259308,>=10 MeV
2023-11-04 02:45:00+00:00,16,0.290691614151001,>=10 MeV
2023-11-04 02:50:00+00:00,16,0.3156936764717102,>=10 MeV
2023-11-04 02:55:00+00:00,16,0.27635812759399414,>=10 MeV
2023-11-04 03:00:00+00:00,16,0.3286918103694916,>=10 MeV
2023-11-04 03:05:00+00:00,16,0.28135594725608826,>=10 MeV
2023-11-04 03:10:00+00:00,16,0.25902900099754333,>=10 MeV
2023-11-04 03:15:00+00:00,16,0.2320251166820526,>=10 MeV
2023-11-04 03:20:00+00:00,16,0.20502203702926636,>=10 MeV
2023-11-04 03:25:00+00:00,16,0.4520253539085388,>=10 MeV
2023-11-04 03:30:00+00:00,16,0.3266863524913788,>=10 MeV
2023-11-04 03:35:00+00:00,16,0.22802342474460602,>=10 MeV
2023-11-04 03:40:00+00:00,16,0.21202214062213898,>=10 MeV
2023-11-04 03:45:00+00:00,16,0.34369122982025146,>=10 MeV
2023-11-04 03:50:00+00:00,16,0.3103570342063904,>=10 MeV
2023-11-04 03:55:00+00:00,16,0.2856910824775696,>=10 MeV
2023-11-04 04:00:00+00:00,16,0.3043578565120697,>=10 MeV
2023-11-04 04:05:00+00:00,16,0.3323568105697632,>=10 MeV
2023-11-04 04:10:00+00:00,16,0.3046901822090149,>=10 MeV
2023-11-04 04:15:00+00:00,16,0.4396893084049225,>=10 MeV
2023-11-04 04:20:00+00:00,16,0.3196910619735718,>=10 MeV
2023-11-04 04:25:00+00:00,16,0.22402189671993256,>=10 MeV
2023-11-04 04:30:00+00:00,16,0.23669004440307617,>=10 MeV
2023-11-04 04:35:00+00:00,16,0.29802513122558594,>=10 MeV
2023-11-04 04:40:00+00:00,16,0.22835595905780792,>=10 MeV
2023-11-04 04:45:00+00:00,16,0.21902309358119965,>=10 MeV
2023-11-04 04:50:00+00:00,16,0.23835834860801697,>=10 MeV
2023-11-04 04:55:00+00:00,16,0.22302311658859253,>=10 MeV
2023-11-04 05:00:00+00:00,16,0.38936203718185425,>=10 MeV
2023-11-04 05:05:00+00:00,16,0.26202496886253357,>=10 MeV
2023-11-04 05:10:00+00:00,16,0.32502174377441406,>=10 MeV
2023-11-04 05:15:00+00:00,16,0.3096698522567749,>=10 MeV
2023-11-04 05:20:00+00:00,16,0.20708991587162018,>=10 MeV
2023-11-04 05:25:00+00:00,16,0.22618600726127625,>=10 MeV
2023-11-04 05:30:00+00:00,16,0.21834827959537506,>=10 MeV
2023-11-04 05:35:00+00:00,16,0.39031586050987244,>=10 MeV
2023-11-04 05:40:00+00:00,16,0.29128408432006836,>=10 MeV
2023-11-04 05:45:00+00:00,16,0.32602477073669434,>=10 MeV
2023-11-04 05:50:00+00:00,16,0.20309044420719147,>=10 MeV
2023-11-04 05:55:00+00:00,16,0.3596067726612091,>=10 MeV
2023-11-04 06:00:00+00:00,16,0.4540901184082031,>=10 MeV
2023-11-04 06:05:00+00:00,16,0.3155408799648285,>=10 MeV
2023-11-04 06:10:00+00:00,16,0.278960257768631,>=10 MeV
2023-11-04 06:15:00+00:00,16,0.22838051617145538,>=10 MeV
2023-11-04 06:20:00+00:00,16,0.26931607723236084,>=10 MeV
2023-11-04 06:25:00+00:00,16,0.3054777681827545,>=10 MeV
2023-11-04 06:30:00+00:00,16,0.26370373368263245,>=10 MeV
2023-11-04 06:35:00+00:00,16,0.2952183187007904,>=10 MeV
2023-11-04 06:40:00+00:00,16,0.3655730187892914,>=10 MeV
2023-11-04 06:45:00+00:00,16,0.3058963716030121,>=10 MeV
2023-11-04 06:50:00+00:00,16,0.26847636699676514,>=10 MeV
2023-11-04 06:55:00+00:00,16,0.21912223100662231,>=10 MeV
2023-11-04 07:00:00+00:00,16,0.4318637549877167,>=10 MeV
2023-11-04 07:05:00+00:00,16,0.2895416021347046,>=10 MeV
2023-11-04 07:10:00+00:00,16,0.21654167771339417,>=10 MeV
2023-11-04 07:15:00+00:00,16,0.21712227165699005,>=10 MeV
2023-11-04 07:20:00+00:00,16,0.2554111182689667,>=10 MeV
2023-11-04 07:25:00+00:00,16,0.22676701843738556,>=10 MeV
2023-11-04 07:30:00+00:00,16,0.28425055742263794,>=10 MeV
2023-11-04 07:35:00+00:00,16,0.20708927512168884,>=10 MeV
2023-11-04 07:40:00+00:00,16,0.2452808916568756,>=10 MeV
2023-11-04 07:45:00+00:00,16,0.22702279686927795,>=10 MeV
2023-11-04 07:50:00+00:00,16,0.19576644897460938,>=10 MeV
2023-11-04 07:55:00+00:00,16,0.20734748244285583,>=10 MeV
2023-11-04 08:00:00+00:00,16,0.256830096244812,>=10 MeV
2023-11-04 08:05:00+00:00,16,0.2623797357082367,>=10 MeV
2023-11-04 08:10:00+00:00,16,0.20186424255371094,>=10 MeV
2023-11-04 08:15:00+00:00,16,0.27760645747184753,>=10 MeV
2023-11-04 08:20:00+00:00,16,0.23250876367092133,>=10 MeV
2023-11-04 08:25:00+00:00,16,0.37218835949897766,>=10 MeV
2023-11-04 08:30:00+00:00,16,0.22038079798221588,>=10 MeV
2023-11-04 08:35:00+00:00,16,0.27847686409950256,>=10 MeV
2023-11-04 08:40:00+00:00,16,0.21663866937160492,>=10 MeV
2023-11-04 08:45:00+00:00,16,0.21860730648040771,>=10 MeV
2023-11-04 08:50:00+00:00,16,0.22589710354804993,>=10 MeV
2023-11-04 08:55:00+00:00,16,0.3717355728149414,>=10 MeV
2023-11-04 09:00:00+00:00,16,0.2219938188791275,>=10 MeV
2023-11-04 09:05:00+00:00,16,0.29744577407836914,>=10 MeV
2023-11-04 09:10:00+00:00,16,0.2623162269592285,>=10 MeV
2023-11-04 09:15:00+00:00,16,0.20080120861530304,>=10 MeV
2023-11-04 09:20:00+00:00,16,0.35518789291381836,>=10 MeV
2023-11-04 09:25:00+00:00,16,0.2950594425201416,>=10 MeV
2023-11-04 09:30:00+00:00,16,0.2793823480606079,>=10 MeV
2023-11-04 09:35:00+00:00,16,0.20376980304718018,>=10 MeV
2023-11-04 09:40:00+00:00,16,0.3338986337184906,>=10 MeV
2023-11-04 09:45:00+00:00,16,0.2148343175649643,>=10 MeV
2023-11-04 09:50:00+00:00,16,0.2609967291355133,>=10 MeV
2023-11-04 09:55:00+00:00,16,0.17819075286388397,>=10 MeV
2023-11-04 10:00:00+00:00,16,0.28483548760414124,>=10 MeV
2023-11-04 10:05:00+00:00,16,0.3190939128398895,>=10 MeV
2023-11-04 10:10:00+00:00,16,0.2959003746509552,>=10 MeV
2023-11-04 10:15:00+00:00,16,0.30593299865722656,>=10 MeV
2023-11-04 10:20:00+00:00,16,0.20386840403079987,>=10 MeV
2023-11-04 10:25:00+00:00,16,0.25203046202659607,>=10 MeV
2023-11-04 10:30:00+00:00,16,0.27090129256248474,>=10 MeV
2023-11-04 10:35:00+00:00,16,0.27944958209991455,>=10 MeV
2023-11-04 10:40:00+00:00,16,0.2082890123128891,>=10 MeV
2023-11-04 10:45:00+00:00,16,0.2548696994781494,>=10 MeV
2023-11-04 10:50:00+00:00,16,0.2072896957397461,>=10 MeV
2023-11-04 10:55:00+00:00,16,0.19735413789749146,>=10 MeV
2023-11-04 11:00:00+00:00,16,0.21312874555587769,>=10 MeV
2023-11-04 11:05:00+00:00,16,0.3310001492500305,>=10 MeV
2023-11-04 11:10:00+00:00,16,0.46783849596977234,>=10 MeV
2023-11-04 11:15:00+00:00,16,0.23751582205295563,>=10 MeV
2023-11-04 11:20:00+00:00,16,0.21458007395267487,>=10 MeV
2023-11-04 11:25:00+00:00,16,0.2856768071651459,>=10 MeV
2023-11-04 11:30:00+00:00,16,0.2587741017341614,>=10 MeV
2023-11-04 11:35:00+00:00,16,0.3495805859565735,>=10 MeV
2023-11-04 11:40:00+00:00,16,0.287710577249527,>=10 MeV
2023-11-04 11:45:00+00:00,16,0.25858139991760254,>=10 MeV
2023-11-04 11:50:00+00:00,16,0.2281944453716278,>=10 MeV
2023-11-04 11:55:00+00:00,16,0.2956146001815796,>=10 MeV
2023-11-04 12:00:00+00:00,16,0.25358250737190247,>=10 MeV
2023-11-04 12:05:00+00:00,16,0.2791953682899475,>=10 MeV
2023-11-04 12:10:00+00:00,16,0.31529325246810913,>=10 MeV
2023-11-04 12:15:00+00:00,16,0.2905522882938385,>=10 MeV
2023-11-04 12:20:00+00:00,16,0.19032862782478333,>=10 MeV
2023-11-04 12:25:00+00:00,16,0.27474910020828247,>=10 MeV
2023-11-04 12:30:00+00:00,16,0.22271741926670074,>=10 MeV
2023-11-04 12:35:00+00:00,16,0.250073105096817,>=10 MeV
2023-11-04 12:40:00+00:00,16,0.23481492698192596,>=10 MeV
2023-11-04 12:45:00+00:00,16,0.28104135394096375,>=10 MeV
2023-11-04 12:50:00+00:00,16,0.19455605745315552,>=10 MeV
2023-11-04 12:55:00+00:00,16,0.3284933269023895,>=10 MeV
2023-11-04 13:00:00+00:00,16,0.22959132492542267,>=10 MeV
2023-11-04 13:05:00+00:00,16,0.228817880153656,>=10 MeV
2023-11-04 13:10:00+00:00,16,0.2361384928226471,>=10 MeV
2023-11-04 13:15:00+00:00,16,0.21297717094421387,>=10 MeV
2023-11-04 13:20:00+00:00,16,0.2810100317001343,>=10 MeV
2023-11-04 13:25:00+00:00,16,0.27242913842201233,>=10 MeV
2023-11-04 13:30:00+00:00,16,0.28352755308151245,>=10 MeV
2023-11-04 13:35:00+00:00,16,0.24433553218841553,>=10 MeV
2023-11-04 13:40:00+00:00,16,0.3025922179222107,>=10 MeV
2023-11-04 13:45:00+00:00,16,0.22698251903057098,>=10 MeV
2023-11-04 13:50:00+00:00,16,0.24343428015708923,>=10 MeV
2023-11-04 13:55:00+00:00,16,0.29995104670524597,>=10 MeV
2023-11-04 14:00:00+00:00,16,0.2995976507663727,>=10 MeV
2023-11-04 14:05:00+00:00,16,0.23124144971370697,>=10 MeV
2023-11-04 14:10:00+00:00,16,0.31434041261672974,>=10 MeV
2023-11-04 14:15:00+00:00,16,0.2058531939983368,>=10 MeV
2023-11-04 14:20:00+00:00,16,0.2114342302083969,>=10 MeV
2023-11-04 14:25:00+00:00,16,0.21769015491008759,>=10 MeV
2023-11-04 14:30:00+00:00,16,0.2141413688659668,>=10 MeV
2023-11-04 14:35:00+00:00,16,0.2771743834018707,>=10 MeV
